create type role_enum as enum('Admin','Ticket Manager','Football Fan','Finance Manager','Stadium Manager','Support Staff');
create extension if not exists citext;
create table users(
  user_id int generated by default as identity primary key,
  full_name text not null,
  email citext unique not null,
  role role_enum not null,
  phone_number varchar(20),
  created_at timestamp default current_timestamp
);

create type match_status_enum as enum('Available', 'Selling Fast', 'Sold Out', 'Postponed');
create type tournament_enum as enum ('Champions League','Premier League');
create table matches(
  match_id int generated by default as identity primary key,
  fixture text not null,
  tournament_category tournament_enum not null,
  base_ticket_price int not null check(base_ticket_price>0),
  match_status match_status_enum not null default 'Available',
  match_date date not null
  );

create type payment_status_enum as enum ('Pending', 'Confirmed', 'Cancelled', 'Refunded');
create table bookings(
  booking_id int generated by default as identity primary key,
  user_id int not null references users(user_id) on delete cascade,
  match_id int not null references matches(match_id) on delete cascade,
  seat_number varchar(10) not null,
  payment_status payment_status_enum not null,
  total_cost int not null,
  booking_time timestamp default current_timestamp,
  unique(match_id, seat_number)
);

insert into users (full_name, email, role, phone_number, created_at) values
('Tanvir Rahman', 'tanvir@mail.com', 'Football Fan', '+8801711111111', '2025-12-01 10:15:00'),
('Asif Haque', 'asif@mail.com', 'Football Fan', '+8801722222222', '2025-12-02 11:20:00'),
('Sajjad Rahman', 'sajjad@mail.com', 'Ticket Manager', '+8801733333333', '2025-12-03 09:45:00'),
('Jannat Ara', 'jannat@mail.com', 'Football Fan', NULL, '2025-12-04 14:10:00'),
('Nabil Ahmed', 'nabil@mail.com', 'Admin', '+8801744444444', '2025-12-05 08:30:00'),
('Rafiq Islam', 'rafiq@mail.com', 'Finance Manager', '+8801755555555', '2025-12-06 16:25:00'),
('Mehedi Hasan', 'mehedi@mail.com', 'Stadium Manager', '+8801766666666', '2025-12-07 13:05:00'),
('Shakil Uddin', 'shakil@mail.com', 'Support Staff', '+8801777777777', '2025-12-08 18:40:00'),
('Tania Sultana', 'tania@mail.com', 'Football Fan', '+8801788888888', '2025-12-09 07:55:00'),
('Imran Hossain', 'imran@mail.com', 'Football Fan', '+8801799999999', '2025-12-10 12:15:00'),

('Arif Khan', 'arif@mail.com', 'Ticket Manager', '+8801811111111', '2025-12-11 10:00:00'),
('Fahim Rahman', 'fahim@mail.com', 'Football Fan', '+8801822222222', '2025-12-12 11:30:00'),
('Nusrat Jahan', 'nusrat@mail.com', 'Football Fan', '+8801833333333', '2025-12-13 09:20:00'),
('Rakib Hasan', 'rakib@mail.com', 'Admin', '+8801844444444', '2025-12-14 15:10:00'),
('Sadia Islam', 'sadia@mail.com', 'Support Staff', '+8801855555555', '2025-12-15 17:45:00'),
('Mizanur Rahman', 'mizan@mail.com', 'Finance Manager', '+8801866666666', '2025-12-16 08:25:00'),
('Shuvo Das', 'shuvo@mail.com', 'Football Fan', '+8801877777777', '2025-12-17 14:35:00'),
('Ayesha Akter', 'ayesha@mail.com', 'Football Fan', '+8801888888888', '2025-12-18 19:10:00'),
('Hasan Mahmud', 'hasan@mail.com', 'Stadium Manager', '+8801899999999', '2025-12-19 06:50:00'),
('Omar Faruk', 'omar@mail.com', 'Ticket Manager', '+8801700000000', '2025-12-20 20:05:00');

insert into matches (match_id, fixture, tournament_category, base_ticket_price, match_status, match_date)
values
(1001, 'Real Madrid vs Barcelona', 'Champions League', 150, 'Available', '2025-12-21'),
(1002, 'Man City vs Liverpool', 'Premier League', 120, 'Selling Fast', '2025-12-22'),
(1003, 'Bayern Munich vs PSG', 'Champions League', 130, 'Available', '2025-12-23'),
(1004, 'Arsenal vs Chelsea', 'Premier League', 110, 'Sold Out', '2025-12-24'),
(1005, 'Inter Milan vs AC Milan', 'Champions League', 140, 'Postponed', '2025-12-25'),
(1006, 'Manchester United vs Tottenham', 'Premier League', 125, 'Available', '2025-12-26'),
(1007, 'Dortmund vs Juventus', 'Champions League', 135, 'Selling Fast', '2025-12-27'),
(1008, 'Newcastle vs Aston Villa', 'Premier League', 95, 'Available', '2025-12-28'),
(1009, 'Porto vs Benfica', 'Champions League', 100, 'Sold Out', '2025-12-29'),
(1100, 'Brighton vs West Ham', 'Premier League', 90, 'Available', '2025-12-30');

insert into bookings (user_id, match_id, seat_number, payment_status, total_cost, booking_time)
values
(1, 1001, 'A1', 'Confirmed', 150, '2025-12-01 10:00:00'),
(2, 1001, 'A2', 'Pending', 150, '2025-12-01 10:05:00'),
(3, 1001, 'A3', 'Confirmed', 150, '2025-12-01 10:10:00'),
(4, 1002, 'B1', 'Cancelled', 120, '2025-12-02 11:00:00'),
(5, 1002, 'B2', 'Confirmed', 120, '2025-12-02 11:10:00'),
(6, 1002, 'B3', 'Pending', 120, '2025-12-02 11:20:00'),
(7, 1003, 'C1', 'Confirmed', 130, '2025-12-03 09:00:00'),
(8, 1003, 'C2', 'Refunded', 130, '2025-12-03 09:10:00'),
(9, 1003, 'C3', 'Confirmed', 130, '2025-12-03 09:20:00'),
(10, 1004, 'D1', 'Confirmed', 110, '2025-12-04 14:00:00'),

(11, 1004, 'D2', 'Pending', 110, '2025-12-04 14:10:00'),
(12, 1004, 'D3', 'Cancelled', 110, '2025-12-04 14:20:00'),
(13, 1005, 'E1', 'Confirmed', 140, '2025-12-05 08:00:00'),
(14, 1005, 'E2', 'Pending', 140, '2025-12-05 08:15:00'),
(15, 1005, 'E3', 'Refunded', 140, '2025-12-05 08:30:00'),
(16, 1006, 'F1', 'Confirmed', 125, '2025-12-06 16:00:00'),
(17, 1006, 'F2', 'Pending', 125, '2025-12-06 16:10:00'),
(18, 1006, 'F3', 'Confirmed', 125, '2025-12-06 16:20:00'),
(19, 1007, 'G1', 'Cancelled', 135, '2025-12-07 13:00:00'),
(20, 1007, 'G2', 'Confirmed', 135, '2025-12-07 13:10:00'),

(1, 1007, 'G3', 'Pending', 135, '2025-12-07 13:20:00'),
(2, 1008, 'H1', 'Confirmed', 95, '2025-12-08 18:00:00'),
(3, 1008, 'H2', 'Pending', 95, '2025-12-08 18:10:00'),
(4, 1008, 'H3', 'Confirmed', 95, '2025-12-08 18:20:00'),
(5, 1009, 'I1', 'Confirmed', 100, '2025-12-09 07:30:00'),
(6, 1009, 'I2', 'Cancelled', 100, '2025-12-09 07:40:00'),
(7, 1009, 'I3', 'Confirmed', 100, '2025-12-09 07:50:00'),
(8, 1100, 'J1', 'Pending', 90, '2025-12-10 12:00:00'),
(9, 1100, 'J2', 'Confirmed', 90, '2025-12-10 12:10:00'),
(10, 1100, 'J3', 'Refunded', 90, '2025-12-10 12:20:00'),

(11, 1001, 'A4', 'Confirmed', 150, '2025-12-11 10:00:00'),
(12, 1001, 'A5', 'Pending', 150, '2025-12-11 10:10:00'),
(13, 1002, 'B4', 'Confirmed', 120, '2025-12-12 11:00:00'),
(14, 1002, 'B5', 'Cancelled', 120, '2025-12-12 11:10:00'),
(15, 1003, 'C4', 'Confirmed', 130, '2025-12-13 09:00:00'),
(16, 1003, 'C5', 'Pending', 130, '2025-12-13 09:10:00'),
(17, 1004, 'D4', 'Confirmed', 110, '2025-12-14 15:00:00'),
(18, 1004, 'D5', 'Cancelled', 110, '2025-12-14 15:10:00'),
(19, 1005, 'E4', 'Confirmed', 140, '2025-12-15 17:00:00'),
(20, 1005, 'E5', 'Pending', 140, '2025-12-15 17:10:00'),

(1, 1006, 'F4', 'Confirmed', 125, '2025-12-16 08:00:00'),
(2, 1006, 'F5', 'Pending', 125, '2025-12-16 08:10:00'),
(3, 1007, 'G4', 'Confirmed', 135, '2025-12-17 14:00:00'),
(4, 1007, 'G5', 'Cancelled', 135, '2025-12-17 14:10:00'),
(5, 1008, 'H4', 'Confirmed', 95, '2025-12-18 19:00:00'),
(6, 1008, 'H5', 'Pending', 95, '2025-12-18 19:10:00'),
(7, 1009, 'I4', 'Confirmed', 100, '2025-12-19 06:00:00'),
(8, 1009, 'I5', 'Cancelled', 100, '2025-12-19 06:10:00'),
(9, 1100, 'J4', 'Confirmed', 90, '2025-12-20 20:00:00'),
(10, 1100, 'J5', 'Pending', 90, '2025-12-20 20:10:00');
